GeneName,SampleID,FPKM,TPM
PHO11,SRR453567,473.869965,682.663391
PHO11,SRR453570,485.549683,821.308960
